id;title;content;date;owner
1;Singapore Mexico;../fake-data/blob/hipster.txt;2021-05-24T16:53:17;admin
2;Orchestrator;../fake-data/blob/hipster.txt;2021-05-24T22:01:53;admin
3;world-class Hat;../fake-data/blob/hipster.txt;2021-05-24T10:58:43;admin
4;solutions;../fake-data/blob/hipster.txt;2021-05-24T20:11:20;admin
5;Loan;../fake-data/blob/hipster.txt;2021-05-24T09:24:42;admin
6;Pataca;../fake-data/blob/hipster.txt;2021-05-25T00:46:55;admin
7;New Isle;../fake-data/blob/hipster.txt;2021-05-24T10:10:11;admin
8;repurpose Dominica blockchains;../fake-data/blob/hipster.txt;2021-05-24T09:05:25;admin
9;system;../fake-data/blob/hipster.txt;2021-05-24T10:54:01;admin
10;backing;../fake-data/blob/hipster.txt;2021-05-24T20:31:38;admin
